{"BTC/USDT": {"status": "SECURED", "time": 1766845925.9545279, "sl": 87633.99585929142, "tp": 87316.24910955886}, "XRP/USDT": {"status": "SECURED", "time": 1766846825.8516855, "sl": 1.8492834650719894, "tp": 1.8454963768416237}}