{"LINK/USDT": {"status": "SECURED", "time": 1766845528.7512653, "sl": 12.291667786557973, "tp": 12.23193086957246}}